index,folder_name,common_name,common_name,family,family common,order,drop,classification_group
1,001.Black_footed_Albatross,Black footed Albatross,Black-footed albatross,Diomedeidae,Albatrosses,Procellariiformes,,Procellariiformes
2,002.Laysan_Albatross,Laysan Albatross,Laysan Albatross,Diomedeidae,Albatrosses,Procellariiformes,,Procellariiformes
3,003.Sooty_Albatross,Sooty Albatross,Sooty Albatross, ,Albatrosses,Procellariiformes,,Procellariiformes
4,004.Groove_billed_Ani,Groove billed Ani,Groove-billed ani,Cuculidae,Cuckoos,Cuculiformes,,0
5,005.Crested_Auklet,Crested Auklet,Crested Auklet,Alcidae,"Auks, Murres, and Puffins",Charadriiformes,TRUE,Alcidae
6,006.Least_Auklet,Least Auklet,Least Auklet,Alcidae,"Auks, Murres, and Puffins",Charadriiformes,,Alcidae
7,007.Parakeet_Auklet,Parakeet Auklet,Parakeet Auklet,Alcidae,"Auks, Murres, and Puffins",Charadriiformes,,Alcidae
8,008.Rhinoceros_Auklet,Rhinoceros Auklet,Rhinoceros Auklet,Alcidae,"Auks, Murres, and Puffins",Charadriiformes,,Alcidae
9,009.Brewer_Blackbird,Brewer Blackbird,Brewers blackbird,Icteridae,Troupials and Allies,Passeriformes,,Icteridae
10,010.Red_winged_Blackbird,Red winged Blackbird,Red-winged Blackbird,Icteridae,Troupials and Allies,Passeriformes,,Icteridae
11,011.Rusty_Blackbird,Rusty Blackbird,Rusty Blackbird,Icteridae,Troupials and Allies,Passeriformes,,Icteridae
12,012.Yellow_headed_Blackbird,Yellow headed Blackbird,Yellow-headed Blackbird,Icteridae,Troupials and Allies,Passeriformes,,Icteridae
13,013.Bobolink,Bobolink,Bobolink,Icteridae,Troupials and Allies,Passeriformes,,Icteridae
14,014.Indigo_Bunting,Indigo Bunting,Indigo Bunting,Cardinalidae,Cardinals and Allies,Passeriformes,,Cardinalidae
15,015.Lazuli_Bunting,Lazuli Bunting,Lazuli Bunting,Cardinalidae,Cardinals and Allies,Passeriformes,,Cardinalidae
16,016.Painted_Bunting,Painted Bunting,Painted Bunting,Cardinalidae,Cardinals and Allies,Passeriformes,,Cardinalidae
17,017.Cardinal,Cardinal,Northern Cardinal,Cardinalidae,Cardinals and Allies,Passeriformes,,Cardinalidae
18,018.Spotted_Catbird,Spotted Catbird,Spotted Catbird, ,Bowerbirds,,TRUE,0
19,019.Gray_Catbird,Gray Catbird,Gray Catbird, ,New World Catbirds,,TRUE,0
20,020.Yellow_breasted_Chat,Yellow breasted Chat,Yellow-breasted Chat,Icteriidae,Yellow-breasted Chat,Passeriformes,,0
21,021.Eastern_Towhee,Eastern Towhee,Eastern Towhee,Passerellidae,New World Buntings and Sparrows,Passeriformes,,Passerellidae
22,022.Chuck_will_Widow,Chuck will Widow,Chuck-wills-widow,Caprimulgidae,Nightjars and Allies,Caprimulgiformes,,Caprimulgiformes
23,023.Brandt_Cormorant,Brandt Cormorant,Brandts cormorant,Phalacrocoracidae,Cormorants and Shags,Suliformes,,Phalacrocoracidae
24,024.Red_faced_Cormorant,Red faced Cormorant,Red-faced Cormorant,Phalacrocoracidae,Cormorants and Shags,Suliformes,,Phalacrocoracidae
25,025.Pelagic_Cormorant,Pelagic Cormorant,Pelagic Cormorant,Phalacrocoracidae,Cormorants and Shags,Suliformes,,Phalacrocoracidae
26,026.Bronzed_Cowbird,Bronzed Cowbird,Bronzed Cowbird,Icteridae,Troupials and Allies,Passeriformes,,Icteridae
27,027.Shiny_Cowbird,Shiny Cowbird,Shiny Cowbird,Icteridae,Troupials and Allies,Passeriformes,,Icteridae
28,028.Brown_Creeper,Brown Creeper,Brown Creeper,Certhiidae,Treecreepers,Passeriformes,TRUE,0
29,029.American_Crow,American Crow,American Crow,Corvidae,"Crows, Jays, and Magpies",Passeriformes,,Corvidae
30,030.Fish_Crow,Fish Crow,Fish Crow,Corvidae,"Crows, Jays, and Magpies",Passeriformes,,Corvidae
31,031.Black_billed_Cuckoo,Black billed Cuckoo,Black-billed Cuckoo,Cuculidae,Cuckoos,Cuculiformes,TRUE,0
32,032.Mangrove_Cuckoo,Mangrove Cuckoo,Mangrove Cuckoo,Cuculidae,Cuckoos,Cuculiformes,TRUE,0
33,033.Yellow_billed_Cuckoo,Yellow billed Cuckoo,Yellow-billed Cuckoo,Cuculidae,Cuckoos,Cuculiformes,TRUE,0
34,034.Gray_crowned_Rosy_Finch,Gray crowned Rosy Finch,Gray crowned Rosy Finch,Fringillidae,"Finches, Euphonias, and Allies",Passeriformes,,Fringillidae
35,035.Purple_Finch,Purple Finch,Purple Finch,Fringillidae,"Finches, Euphonias, and Allies",Passeriformes,,Fringillidae
36,036.Northern_Flicker,Northern Flicker,Northern Flicker,Picidae,Woodpeckers,Piciformes,,Piciformes
37,037.Acadian_Flycatcher,Acadian Flycatcher,Acadian Flycatcher,Tyrannidae,Tyrant Flycatchers,Passeriformes,,Tyrannidae
38,038.Great_Crested_Flycatcher,Great Crested Flycatcher,Great Crested Flycatcher,Tyrannidae,Tyrant Flycatchers,Passeriformes,,Tyrannidae
39,039.Least_Flycatcher,Least Flycatcher,Least Flycatcher,Tyrannidae,Tyrant Flycatchers,Passeriformes,,Tyrannidae
40,040.Olive_sided_Flycatcher,Olive sided Flycatcher,Olive-sided Flycatcher,Tyrannidae,Tyrant Flycatchers,Passeriformes,,Tyrannidae
41,041.Scissor_tailed_Flycatcher,Scissor tailed Flycatcher,Scissor-tailed Flycatcher,Tyrannidae,Tyrant Flycatchers,Passeriformes,,Tyrannidae
42,042.Vermilion_Flycatcher,Vermilion Flycatcher,Vermilion Flycatcher,Tyrannidae,Tyrant Flycatchers,Passeriformes,,Tyrannidae
43,043.Yellow_bellied_Flycatcher,Yellow bellied Flycatcher,Yellow-bellied Flycatcher,Tyrannidae,Tyrant Flycatchers,Passeriformes,,Tyrannidae
44,044.Frigatebird,Frigatebird,Lesser frigatebird,Fregatidae,Frigatebirds,Suliformes,TRUE,0
45,045.Northern_Fulmar,Northern Fulmar,Northern Fulmar, ,Shearwaters and Petrels,Procellariiformes,,Procellariiformes
46,046.Gadwall,Gadwall,Gadwall,Anatidae,"Ducks, Geese, and Waterfowl",Anseriformes,,Anseriformes
47,047.American_Goldfinch,American Goldfinch,American Goldfinch,Fringillidae,"Finches, Euphonias, and Allies",Passeriformes,,Fringillidae
48,048.European_Goldfinch,European Goldfinch,European Goldfinch,Fringillidae,"Finches, Euphonias, and Allies",Passeriformes,,Fringillidae
49,049.Boat_tailed_Grackle,Boat tailed Grackle,Boat-tailed Grackle,Icteridae,Troupials and Allies,Passeriformes,,Icteridae
50,050.Eared_Grebe,Eared Grebe,Eared Grebe,Podicipedidae,Grebes,Podicipediformes,,Podicipedidae
51,051.Horned_Grebe,Horned Grebe,Horned Grebe,Podicipedidae,Grebes,Podicipediformes,,Podicipedidae
52,052.Pied_billed_Grebe,Pied billed Grebe,Pied billed Grebe,Podicipedidae,Grebes,Podicipediformes,,Podicipedidae
53,053.Western_Grebe,Western Grebe,Western Grebe,Podicipedidae,Grebes,Podicipediformes,,Podicipedidae
54,054.Blue_Grosbeak,Blue Grosbeak,Blue Grosbeak,Cardinalidae,Cardinals and Allies,Passeriformes,,Cardinalidae
55,055.Evening_Grosbeak,Evening Grosbeak,Evening Grosbeak,Fringillidae,"Finches, Euphonias, and Allies",Passeriformes,,Fringillidae
56,056.Pine_Grosbeak,Pine Grosbeak,Pine Grosbeak,Fringillidae,"Finches, Euphonias, and Allies",Passeriformes,,Fringillidae
57,057.Rose_breasted_Grosbeak,Rose breasted Grosbeak,Rose-breasted Grosbeak,Cardinalidae,Cardinals and Allies,Passeriformes,,Cardinalidae
58,058.Pigeon_Guillemot,Pigeon Guillemot,Pigeon Guillemot,Alcidae,"Auks, Murres, and Puffins",Charadriiformes,,Alcidae
59,059.California_Gull,California Gull,California Gull,Laridae,"Gulls, Terns, and Skimmers",Charadriiformes,,Laridae
60,060.Glaucous_winged_Gull,Glaucous winged Gull,Glaucous-winged Gull,Laridae,"Gulls, Terns, and Skimmers",Charadriiformes,,Laridae
61,061.Heermann_Gull,Heermann Gull,Heermanns Gull,Laridae,"Gulls, Terns, and Skimmers",Charadriiformes,,Laridae
62,062.Herring_Gull,Herring Gull,Herring Gull,Laridae,"Gulls, Terns, and Skimmers",Charadriiformes,,Laridae
63,063.Ivory_Gull,Ivory Gull,Ivory Gull,Laridae,"Gulls, Terns, and Skimmers",Charadriiformes,,Laridae
64,064.Ring_billed_Gull,Ring billed Gull,Ring-billed Gull,Laridae,"Gulls, Terns, and Skimmers",Charadriiformes,,Laridae
65,065.Slaty_backed_Gull,Slaty backed Gull,Slaty-backed Gull,Laridae,"Gulls, Terns, and Skimmers",Charadriiformes,,Laridae
66,066.Western_Gull,Western Gull,Western Gull,Laridae,"Gulls, Terns, and Skimmers",Charadriiformes,,Laridae
67,067.Anna_Hummingbird,Anna Hummingbird,Annas Hummingbird,Trochilidae,Hummingbirds,Caprimulgiformes,,Caprimulgiformes
68,068.Ruby_throated_Hummingbird,Ruby throated Hummingbird,Ruby-throated Hummingbird,Trochilidae,Hummingbirds,Caprimulgiformes,,Caprimulgiformes
69,069.Rufous_Hummingbird,Rufous Hummingbird,Rufous Hummingbird,Trochilidae,Hummingbirds,Caprimulgiformes,,Caprimulgiformes
70,070.Green_Violetear,Green Violetear,Green Violetear, ,Hummingbirds,Caprimulgiformes,,Caprimulgiformes
71,071.Long_tailed_Jaeger,Long tailed Jaeger,Long-tailed Jaeger,Stercorariidae,Skuas and Jaegers,Charadriiformes,,Stercorariidae
72,072.Pomarine_Jaeger,Pomarine Jaeger,Pomarine Jaeger,Stercorariidae,Skuas and Jaegers,Charadriiformes,,Stercorariidae
73,073.Blue_Jay,Blue Jay,Blue Jay,Corvidae,"Crows, Jays, and Magpies",Passeriformes,,Corvidae
74,074.Florida_Jay,Florida Jay,Florida Jay,Corvidae,"Crows, Jays, and Magpies",Passeriformes,,Corvidae
75,075.Green_Jay,Green Jay,Green Jay,Corvidae,"Crows, Jays, and Magpies",Passeriformes,,Corvidae
76,076.Dark_eyed_Junco,Dark eyed Junco,Dark-eyed Junco,Passerellidae,New World Buntings and Sparrows,Passeriformes,,Passerellidae
77,077.Tropical_Kingbird,Tropical Kingbird,Tropical Kingbird,Tyrannidae,Tyrant Flycatchers,Passeriformes,,Tyrannidae
78,078.Gray_Kingbird,Gray Kingbird,Gray Kingbird,Tyrannidae,Tyrant Flycatchers,Passeriformes,,Tyrannidae
79,079.Belted_Kingfisher,Belted Kingfisher,Belted Kingfisher,Alcedinidae,Kingfishers,Coraciiformes,,Coraciiformes
80,080.Green_Kingfisher,Green Kingfisher,Green Kingfisher,Alcedinidae,Kingfishers,Coraciiformes,,Coraciiformes
81,081.Pied_Kingfisher,Pied Kingfisher,Pied Kingfisher,Alcedinidae,Kingfishers,Coraciiformes,,Coraciiformes
82,082.Ringed_Kingfisher,Ringed Kingfisher,Ringed Kingfisher,Alcedinidae,Kingfishers,Coraciiformes,,Coraciiformes
83,083.White_breasted_Kingfisher,White breasted Kingfisher,White breasted Kingfisher,Alcedinidae,Kingfishers,Coraciiformes,,Coraciiformes
84,084.Red_legged_Kittiwake,Red legged Kittiwake,Red-legged Kittiwake,Laridae,"Gulls, Terns, and Skimmers",Charadriiformes,,Laridae
85,085.Horned_Lark,Horned Lark,Horned Lark,Alaudidae,Larks,Passeriformes,,Alaudidae
86,086.Pacific_Loon,Pacific Loon,Pacific Loon,Gaviidae,Loons,Gaviiformes,,Gaviidae
87,087.Mallard,Mallard,Mallard,Anatidae,"Ducks, Geese, and Waterfowl",Anseriformes,,Anseriformes
88,088.Western_Meadowlark,Western Meadowlark,Western Meadowlark,Icteridae,Troupials and Allies,Passeriformes,,Icteridae
89,089.Hooded_Merganser,Hooded Merganser,Hooded Merganser,Anatidae,"Ducks, Geese, and Waterfowl",Anseriformes,,Anseriformes
90,090.Red_breasted_Merganser,Red breasted Merganser,Red-breasted Merganser,Anatidae,"Ducks, Geese, and Waterfowl",Anseriformes,,Anseriformes
91,091.Mockingbird,Mockingbird,Northern Mockingbird,Mimidae,Mockingbirds and Thrashers,Passeriformes,,Mimidae
92,092.Nighthawk,Nighthawk,Nighthawk, ,Nightjars and Allies,Caprimulgiformes,,Caprimulgiformes
93,093.Clark_Nutcracker,Clark Nutcracker,Clarks Nutcracker,Corvidae,"Crows, Jays, and Magpies",Passeriformes,,Corvidae
94,094.White_breasted_Nuthatch,White breasted Nuthatch,White-breasted Nuthatch,Sittidae,Nuthatches,Passeriformes,,Sittidae
95,095.Baltimore_Oriole,Baltimore Oriole,Baltimore Oriole,Icteridae,Troupials and Allies,Passeriformes,,Icteridae
96,096.Hooded_Oriole,Hooded Oriole,Hooded Oriole,Icteridae,Troupials and Allies,Passeriformes,,Icteridae
97,097.Orchard_Oriole,Orchard Oriole,Orchard Oriole,Icteridae,Troupials and Allies,Passeriformes,,Icteridae
98,098.Scott_Oriole,Scott Oriole,Scotts Oriole,Icteridae,Troupials and Allies,Passeriformes,,Icteridae
99,099.Ovenbird,Ovenbird,Ovenbird,Parulidae,New World Warblers,Passeriformes,,Parulidae
100,100.Brown_Pelican,Brown Pelican,Brown Pelican,Pelecanidae,Pelicans,Pelecaniformes,,Pelecanidae
101,101.White_Pelican,White Pelican,White Pelican,Pelecanidae,Pelicans,Pelecaniformes,,Pelecanidae
102,102.Western_Wood_Pewee,Western Wood Pewee,Western Wood Pewee,Tyrannidae,Tyrant Flycatchers,Passeriformes,,Tyrannidae
103,103.Sayornis,Sayornis,Sayornis,Tyrannidae,Tyrant Flycatchers,Passeriformes,,Tyrannidae
104,104.American_Pipit,American Pipit,American Pipit,Motacillidae,Wagtails and Pipits,Passeriformes,,Motacillidae
105,105.Whip_poor_Will,Whip poor Will,Eastern whip-poor-will,Caprimulgidae,Nightjars and Allies,Caprimulgiformes,,Caprimulgiformes
106,106.Horned_Puffin,Horned Puffin,Horned Puffin,Alcidae,"Auks, Murres, and Puffins",Charadriiformes,,Alcidae
107,107.Common_Raven,Common Raven,Common Raven,Corvidae,"Crows, Jays, and Magpies",Passeriformes,,Corvidae
108,108.White_necked_Raven,White necked Raven,White-necked Raven,Corvidae,"Crows, Jays, and Magpies",Passeriformes,,Corvidae
109,109.American_Redstart,American Redstart,American Redstart,Parulidae,New World Warblers,Passeriformes,,Parulidae
110,110.Geococcyx,Geococcyx,Geococcyx, ,Cuckoos,Cuculiformes,,Roadrunner
111,111.Loggerhead_Shrike,Loggerhead Shrike,Loggerhead Shrike,Laniidae,Shrikes,Passeriformes,,Laniidae
112,112.Great_Grey_Shrike,Great Grey Shrike,Great Grey Shrike,Laniidae,Shrikes,Passeriformes,,Laniidae
113,113.Baird_Sparrow,Baird Sparrow,Bairds Sparrow,Passerellidae,New World Buntings and Sparrows,Passeriformes,,Passerellidae
114,114.Black_throated_Sparrow,Black throated Sparrow,Black-throated Sparrow,Passerellidae,New World Buntings and Sparrows,Passeriformes,,Passerellidae
115,115.Brewer_Sparrow,Brewer Sparrow,Brewers Sparrow,Passerellidae,New World Buntings and Sparrows,Passeriformes,,Passerellidae
116,116.Chipping_Sparrow,Chipping Sparrow,Chipping Sparrow,Passerellidae,New World Buntings and Sparrows,Passeriformes,,Passerellidae
117,117.Clay_colored_Sparrow,Clay colored Sparrow,Clay-colored Sparrow,Passerellidae,New World Buntings and Sparrows,Passeriformes,,Passerellidae
118,118.House_Sparrow,House Sparrow,House Sparrow,Passeridae,Old World Sparrows,Passeriformes,,0
119,119.Field_Sparrow,Field Sparrow,Field Sparrow,Passerellidae,New World Buntings and Sparrows,Passeriformes,,Passerellidae
120,120.Fox_Sparrow,Fox Sparrow,Fox Sparrow,Passerellidae,New World Buntings and Sparrows,Passeriformes,,Passerellidae
121,121.Grasshopper_Sparrow,Grasshopper Sparrow,Grasshopper Sparrow,Passerellidae,New World Buntings and Sparrows,Passeriformes,,Passerellidae
122,122.Harris_Sparrow,Harris Sparrow,Harris Sparrow,Passerellidae,New World Buntings and Sparrows,Passeriformes,,Passerellidae
123,123.Henslow_Sparrow,Henslow Sparrow,Henslows Sparrow,Passerellidae,New World Buntings and Sparrows,Passeriformes,,Passerellidae
124,124.Le_Conte_Sparrow,Le Conte Sparrow,Le Contes Sparrow,Passerellidae,New World Buntings and Sparrows,Passeriformes,,Passerellidae
125,125.Lincoln_Sparrow,Lincoln Sparrow,Lincoln Sparrow,Passerellidae,New World Buntings and Sparrows,Passeriformes,,Passerellidae
126,126.Nelson_Sharp_tailed_Sparrow,Nelson Sharp tailed Sparrow,Nelson Sharp tailed Sparrow,Passerellidae,New World Buntings and Sparrows,Passeriformes,,Passerellidae
127,127.Savannah_Sparrow,Savannah Sparrow,Savannah Sparrow,Passerellidae,New World Buntings and Sparrows,Passeriformes,,Passerellidae
128,128.Seaside_Sparrow,Seaside Sparrow,Seaside Sparrow,Passerellidae,New World Buntings and Sparrows,Passeriformes,,Passerellidae
129,129.Song_Sparrow,Song Sparrow,Song Sparrow,Passerellidae,New World Buntings and Sparrows,Passeriformes,,Passerellidae
130,130.Tree_Sparrow,Tree Sparrow,Tree Sparrow,Passerellidae,New World Buntings and Sparrows,Passeriformes,,Passerellidae
131,131.Vesper_Sparrow,Vesper Sparrow,Vesper Sparrow,Passerellidae,New World Buntings and Sparrows,Passeriformes,,Passerellidae
132,132.White_crowned_Sparrow,White crowned Sparrow,White-crowned Sparrow,Passerellidae,New World Buntings and Sparrows,Passeriformes,,Passerellidae
133,133.White_throated_Sparrow,White throated Sparrow,White-throated Sparrow,Passerellidae,New World Buntings and Sparrows,Passeriformes,,Passerellidae
134,134.Cape_Glossy_Starling,Cape Glossy Starling,Cape Glossy Starling, ,Starlings,Passeriformes,,0
135,135.Bank_Swallow,Bank Swallow,Bank Swallow,Hirundinidae,Swallows,Passeriformes,,Hirundinidae
136,136.Barn_Swallow,Barn Swallow,Barn Swallow,Hirundinidae,Swallows,Passeriformes,,Hirundinidae
137,137.Cliff_Swallow,Cliff Swallow,Cliff Swallow,Hirundinidae,Swallows,Passeriformes,,Hirundinidae
138,138.Tree_Swallow,Tree Swallow,Tree Swallow,Hirundinidae,Swallows,Passeriformes,,Hirundinidae
139,139.Scarlet_Tanager,Scarlet Tanager,Scarlet Tanager,Cardinalidae,Cardinals and Allies,Passeriformes,,Cardinalidae
140,140.Summer_Tanager,Summer Tanager,Summer Tanager,Cardinalidae,Cardinals and Allies,Passeriformes,,Cardinalidae
141,141.Artic_Tern,Artic Tern,Artic Tern,Laridae,"Gulls, Terns, and Skimmers",Charadriiformes,,Laridae
142,142.Black_Tern,Black Tern,Black Tern,Laridae,"Gulls, Terns, and Skimmers",Charadriiformes,,Laridae
143,143.Caspian_Tern,Caspian Tern,Caspian Tern,Laridae,"Gulls, Terns, and Skimmers",Charadriiformes,,Laridae
144,144.Common_Tern,Common Tern,Common Tern,Laridae,"Gulls, Terns, and Skimmers",Charadriiformes,,Laridae
145,145.Elegant_Tern,Elegant Tern,Elegant Tern,Laridae,"Gulls, Terns, and Skimmers",Charadriiformes,,Laridae
146,146.Forsters_Tern,Forsters Tern,Forsters Tern,Laridae,"Gulls, Terns, and Skimmers",Charadriiformes,,Laridae
147,147.Least_Tern,Least Tern,Least Tern,Laridae,"Gulls, Terns, and Skimmers",Charadriiformes,,Laridae
148,148.Green_tailed_Towhee,Green tailed Towhee,Green-tailed Towhee,Passerellidae,New World Buntings and Sparrows,Passeriformes,,Passerellidae
149,149.Brown_Thrasher,Brown Thrasher,Brown Thrasher,Mimidae,Mockingbirds and Thrashers,Passeriformes,,Mimidae
150,150.Sage_Thrasher,Sage Thrasher,Sage Thrasher,Mimidae,Mockingbirds and Thrashers,Passeriformes,,Mimidae
151,151.Black_capped_Vireo,Black capped Vireo,Black-capped Vireo,Vireonidae,"Vireos, Shrike-Babblers, and Erpornis",Passeriformes,,Vireonidae
152,152.Blue_headed_Vireo,Blue headed Vireo,Blue-headed Vireo,Vireonidae,"Vireos, Shrike-Babblers, and Erpornis",Passeriformes,,Vireonidae
153,153.Philadelphia_Vireo,Philadelphia Vireo,Philadelphia Vireo,Vireonidae,"Vireos, Shrike-Babblers, and Erpornis",Passeriformes,,Vireonidae
154,154.Red_eyed_Vireo,Red eyed Vireo,Red-eyed Vireo,Vireonidae,"Vireos, Shrike-Babblers, and Erpornis",Passeriformes,,Vireonidae
155,155.Warbling_Vireo,Warbling Vireo,Warbling Vireo,Vireonidae,"Vireos, Shrike-Babblers, and Erpornis",Passeriformes,,Vireonidae
156,156.White_eyed_Vireo,White eyed Vireo,White-eyed Vireo,Vireonidae,"Vireos, Shrike-Babblers, and Erpornis",Passeriformes,,Vireonidae
157,157.Yellow_throated_Vireo,Yellow throated Vireo,Yellow-throated Vireo,Vireonidae,"Vireos, Shrike-Babblers, and Erpornis",Passeriformes,,Vireonidae
158,158.Bay_breasted_Warbler,Bay breasted Warbler,Bay-breasted Warbler,Parulidae,New World Warblers,Passeriformes,,Parulidae
159,159.Black_and_white_Warbler,Black and white Warbler,Black and white Warbler,Parulidae,New World Warblers,Passeriformes,,Parulidae
160,160.Black_throated_Blue_Warbler,Black throated Blue Warbler,Black-throated Blue Warbler,Parulidae,New World Warblers,Passeriformes,,Parulidae
161,161.Blue_winged_Warbler,Blue winged Warbler,Blue-winged Warbler,Parulidae,New World Warblers,Passeriformes,,Parulidae
162,162.Canada_Warbler,Canada Warbler,Canada Warbler,Parulidae,New World Warblers,Passeriformes,,Parulidae
163,163.Cape_May_Warbler,Cape May Warbler,Cape May Warbler,Parulidae,New World Warblers,Passeriformes,,Parulidae
164,164.Cerulean_Warbler,Cerulean Warbler,Cerulean Warbler,Parulidae,New World Warblers,Passeriformes,,Parulidae
165,165.Chestnut_sided_Warbler,Chestnut sided Warbler,Chestnut-sided Warbler,Parulidae,New World Warblers,Passeriformes,,Parulidae
166,166.Golden_winged_Warbler,Golden winged Warbler,Golden-winged Warbler,Parulidae,New World Warblers,Passeriformes,,Parulidae
167,167.Hooded_Warbler,Hooded Warbler,Hooded Warbler,Parulidae,New World Warblers,Passeriformes,,Parulidae
168,168.Kentucky_Warbler,Kentucky Warbler,Kentucky Warbler,Parulidae,New World Warblers,Passeriformes,,Parulidae
169,169.Magnolia_Warbler,Magnolia Warbler,Magnolia Warbler,Parulidae,New World Warblers,Passeriformes,,Parulidae
170,170.Mourning_Warbler,Mourning Warbler,Mourning Warbler,Parulidae,New World Warblers,Passeriformes,,Parulidae
171,171.Myrtle_Warbler,Myrtle Warbler,Myrtle Warbler,Parulidae,New World Warblers,Passeriformes,,Parulidae
172,172.Nashville_Warbler,Nashville Warbler,Nashville Warbler,Parulidae,New World Warblers,Passeriformes,,Parulidae
173,173.Orange_crowned_Warbler,Orange crowned Warbler,Orange-crowned Warbler,Parulidae,New World Warblers,Passeriformes,,Parulidae
174,174.Palm_Warbler,Palm Warbler,Palm Warbler,Parulidae,New World Warblers,Passeriformes,,Parulidae
175,175.Pine_Warbler,Pine Warbler,Pine Warbler,Parulidae,New World Warblers,Passeriformes,,Parulidae
176,176.Prairie_Warbler,Prairie Warbler,Prairie Warbler,Parulidae,New World Warblers,Passeriformes,,Parulidae
177,177.Prothonotary_Warbler,Prothonotary Warbler,Prothonotary Warbler,Parulidae,New World Warblers,Passeriformes,,Parulidae
178,178.Swainson_Warbler,Swainson Warbler,Swainsons Warbler,Parulidae,New World Warblers,Passeriformes,,Parulidae
179,179.Tennessee_Warbler,Tennessee Warbler,Tennessee Warbler,Parulidae,New World Warblers,Passeriformes,,Parulidae
180,180.Wilson_Warbler,Wilson Warbler,Wilsons Warbler,Parulidae,New World Warblers,Passeriformes,,Parulidae
181,181.Worm_eating_Warbler,Worm eating Warbler,Worm-eating Warbler,Parulidae,New World Warblers,Passeriformes,,Parulidae
182,182.Yellow_Warbler,Yellow Warbler,Yellow Warbler,Parulidae,New World Warblers,Passeriformes,,Parulidae
183,183.Northern_Waterthrush,Northern Waterthrush,Northern Waterthrush,Parulidae,New World Warblers,Passeriformes,,Parulidae
184,184.Louisiana_Waterthrush,Louisiana Waterthrush,Louisiana Waterthrush,Parulidae,New World Warblers,Passeriformes,,Parulidae
185,185.Bohemian_Waxwing,Bohemian Waxwing,Bohemian Waxwing,Bombycillidae,Waxwings,Passeriformes,,Bombycillidae
186,186.Cedar_Waxwing,Cedar Waxwing,Cedar Waxwing,Bombycillidae,Waxwings,Passeriformes,,Bombycillidae
187,187.American_Three_toed_Woodpecker,American Three toed Woodpecker,American Three-toed Woodpecker,Picidae,Woodpeckers,Piciformes,,Piciformes
188,188.Pileated_Woodpecker,Pileated Woodpecker,Pileated Woodpecker,Picidae,Woodpeckers,Piciformes,,Piciformes
189,189.Red_bellied_Woodpecker,Red bellied Woodpecker,Red-bellied Woodpecker,Picidae,Woodpeckers,Piciformes,,Piciformes
190,190.Red_cockaded_Woodpecker,Red cockaded Woodpecker,Red-cockaded Woodpecker,Picidae,Woodpeckers,Piciformes,,Piciformes
191,191.Red_headed_Woodpecker,Red headed Woodpecker,Red-headed Woodpecker,Picidae,Woodpeckers,Piciformes,,Piciformes
192,192.Downy_Woodpecker,Downy Woodpecker,Downy Woodpecker,Picidae,Woodpeckers,Piciformes,,Piciformes
193,193.Bewick_Wren,Bewick Wren,Bewicks Wren,Troglodytidae,Wrens,Passeriformes,,Troglodytidae
194,194.Cactus_Wren,Cactus Wren,Cactus Wren,Troglodytidae,Wrens,Passeriformes,,Troglodytidae
195,195.Carolina_Wren,Carolina Wren,Carolina Wren,Troglodytidae,Wrens,Passeriformes,,Troglodytidae
196,196.House_Wren,House Wren,House Wren,Troglodytidae,Wrens,Passeriformes,,Troglodytidae
197,197.Marsh_Wren,Marsh Wren,Marsh Wren,Troglodytidae,Wrens,Passeriformes,,Troglodytidae
198,198.Rock_Wren,Rock Wren,Rock Wren,Troglodytidae,Wrens,Passeriformes,,Troglodytidae
199,199.Winter_Wren,Winter Wren,Winter Wren,Troglodytidae,Wrens,Passeriformes,,Troglodytidae
200,200.Common_Yellowthroat,Common Yellowthroat,Common Yellowthroat,Parulidae,New World Warblers,Passeriformes,,Parulidae
